image_id,label
img_002591,cell_C
img_001828,cell_D
img_015622,cell_G
img_010608,cell_F
img_008013,cell_G
img_005455,cell_C
img_002803,cell_B
img_000615,cell_B
img_013082,cell_B
img_017012,cell_D
img_011956,cell_A
img_003931,cell_E
img_002604,cell_C
img_007600,cell_F
img_010915,cell_F
img_002149,cell_C
img_012837,cell_D
img_005918,cell_B
img_010643,cell_H
img_014104,cell_B
img_010012,cell_B
img_003372,cell_B
img_006310,cell_A
img_015725,cell_A
img_005812,cell_F
img_005119,cell_F
img_011860,cell_C
img_006217,cell_C
img_004431,cell_F
img_016897,cell_F
img_011159,cell_B
img_004104,cell_B
img_002115,cell_A
img_009890,cell_E
img_015047,cell_B
img_002316,cell_H
img_012912,cell_F
img_002999,cell_F
img_009026,cell_C
img_013501,cell_D
img_011093,cell_C
img_015489,cell_B
img_001967,cell_A
img_002930,cell_F
img_015723,cell_F
img_000167,cell_G
img_015198,cell_F
img_001017,cell_C
img_015790,cell_G
img_001861,cell_B
img_004863,cell_B
img_000206,cell_F
img_006711,cell_F
img_005810,cell_C
img_003373,cell_G
img_009159,cell_F
img_005723,cell_G
img_003098,cell_B
img_016914,cell_A
img_011640,cell_F
img_016850,cell_B
img_011181,cell_C
img_005935,cell_F
img_015115,cell_A
img_013978,cell_F
img_004990,cell_B
img_008924,cell_A
img_000046,cell_E
img_011522,cell_A
img_000400,cell_E
img_015494,cell_H
img_007902,cell_C
img_016459,cell_H
img_016486,cell_F
img_011106,cell_C
img_008181,cell_F
img_001167,cell_F
img_011483,cell_C
img_007890,cell_F
img_012091,cell_F
img_005940,cell_B
img_004994,cell_F
img_008990,cell_C
img_000299,cell_A
img_012337,cell_F
img_001457,cell_G
img_010652,cell_C
img_011619,cell_D
img_011407,cell_C
img_005167,cell_A
img_016156,cell_C
img_008235,cell_F
img_004758,cell_F
img_009422,cell_D
img_013626,cell_G
img_003849,cell_B
img_002982,cell_A
img_008941,cell_D
img_010756,cell_B
img_002093,cell_G
img_012148,cell_B
img_006529,cell_E
img_007628,cell_B
img_014873,cell_B
img_011288,cell_B
img_014660,cell_D
img_003330,cell_H
img_011681,cell_D
img_005202,cell_F
img_016988,cell_F
img_013412,cell_A
img_006439,cell_F
img_003888,cell_G
img_009787,cell_G
img_001091,cell_B
img_005791,cell_A
img_003592,cell_F
img_002967,cell_C
img_010831,cell_B
img_014058,cell_C
img_010502,cell_A
img_013969,cell_D
img_007494,cell_G
img_015839,cell_A
img_008092,cell_G
img_007650,cell_A
img_001101,cell_H
img_013896,cell_F
img_003859,cell_C
img_014734,cell_G
img_014555,cell_F
img_014019,cell_B
img_010233,cell_F
img_011360,cell_C
img_004392,cell_B
img_009460,cell_F
img_014850,cell_F
img_016268,cell_A
img_000070,cell_A
img_007336,cell_B
img_006616,cell_G
img_006521,cell_F
img_008323,cell_C
img_002751,cell_E
img_003392,cell_B
img_008224,cell_F
img_011129,cell_C
img_009324,cell_F
img_015394,cell_A
img_001199,cell_H
img_002642,cell_F
img_012176,cell_C
img_007238,cell_F
img_016063,cell_B
img_014905,cell_C
img_013147,cell_F
img_008322,cell_B
img_006832,cell_H
img_000096,cell_F
img_000223,cell_B
img_001165,cell_G
img_002395,cell_E
img_002654,cell_C
img_014057,cell_B
img_004185,cell_C
img_002525,cell_B
img_000341,cell_C
img_011342,cell_F
img_012750,cell_B
img_011812,cell_G
img_004621,cell_D
img_015779,cell_A
img_010536,cell_B
img_012859,cell_G
img_010491,cell_B
img_012632,cell_C
img_003290,cell_H
img_002039,cell_A
img_015639,cell_B
img_008727,cell_D
img_007724,cell_H
img_008704,cell_C
img_009721,cell_C
img_013406,cell_F
img_011122,cell_A
img_012755,cell_C
img_009947,cell_A
img_016518,cell_A
img_012149,cell_B
img_005340,cell_F
img_006653,cell_F
img_005091,cell_B
img_004992,cell_C
img_004419,cell_C
img_011938,cell_C
img_007517,cell_D
img_011161,cell_C
img_010793,cell_F
img_001200,cell_D
img_013484,cell_C
img_012945,cell_C
img_005009,cell_F
img_010594,cell_C
img_009147,cell_D
img_009375,cell_D
img_013072,cell_C
img_012314,cell_F
img_006479,cell_H
img_008130,cell_E
img_015054,cell_E
img_009586,cell_B
img_001713,cell_G
img_015673,cell_A
img_002173,cell_F
img_000254,cell_G
img_010133,cell_G
img_012040,cell_B
img_003748,cell_F
img_016992,cell_F
img_000825,cell_F
img_014315,cell_D
img_015699,cell_H
img_012092,cell_D
img_010886,cell_F
img_006662,cell_B
img_010800,cell_D
img_013291,cell_D
img_001906,cell_F
img_010970,cell_B
img_006715,cell_D
img_015864,cell_B
img_005840,cell_E
img_006003,cell_A
img_006991,cell_G
img_005254,cell_C
img_011311,cell_A
img_016047,cell_E
img_012613,cell_F
img_015536,cell_A
img_011741,cell_C
img_004275,cell_B
img_001398,cell_A
img_013404,cell_D
img_013229,cell_C
img_003724,cell_A
img_015433,cell_A
img_007530,cell_H
img_002758,cell_D
img_016963,cell_B
img_014035,cell_C
img_011137,cell_F
img_005263,cell_C
img_002254,cell_G
img_002217,cell_F
img_001324,cell_A
img_010169,cell_A
img_002815,cell_G
img_013912,cell_G
img_015500,cell_C
img_009853,cell_G
img_003695,cell_A
img_002190,cell_F
img_011471,cell_A
img_010100,cell_E
img_012876,cell_H
img_004273,cell_A
img_005622,cell_H
img_003482,cell_D
img_000424,cell_H
img_004180,cell_A
img_015298,cell_C
img_009810,cell_B
img_014202,cell_C
img_007588,cell_F
img_013433,cell_G
img_009942,cell_C
img_010431,cell_A
img_016638,cell_B
img_010853,cell_G
img_000569,cell_D
img_012234,cell_C
img_015956,cell_D
img_013293,cell_F
img_013203,cell_B
img_010405,cell_B
img_013482,cell_F
img_001789,cell_C
img_014947,cell_F
img_006975,cell_F
img_013460,cell_D
img_001381,cell_B
img_004302,cell_H
img_005212,cell_A
img_009979,cell_F
img_006162,cell_B
img_014497,cell_B
img_012738,cell_D
img_005211,cell_A
img_007640,cell_G
img_012592,cell_F
img_016649,cell_D
img_010353,cell_C
img_005796,cell_B
img_010734,cell_A
img_010262,cell_D
img_011531,cell_F
img_000640,cell_B
img_004841,cell_D
img_015599,cell_A
img_013342,cell_E
img_010988,cell_D
img_002071,cell_G
img_014877,cell_G
img_000178,cell_B
img_013344,cell_E
img_008529,cell_F
img_011254,cell_C
img_008037,cell_H
img_011153,cell_B
img_001905,cell_B
img_001636,cell_D
img_012057,cell_C
img_015070,cell_B
img_016658,cell_B
img_009766,cell_A
img_011823,cell_E
img_016647,cell_C
img_011487,cell_F
img_006083,cell_B
img_004685,cell_A
img_015474,cell_F
img_016996,cell_C
img_005909,cell_G
img_013136,cell_F
img_007843,cell_H
img_002915,cell_C
img_016406,cell_F
img_009812,cell_C
img_015892,cell_B
img_009315,cell_D
img_004936,cell_D
img_006472,cell_C
img_003140,cell_C
img_005708,cell_C
img_006943,cell_F
img_005430,cell_B
img_012534,cell_A
img_014046,cell_F
img_005869,cell_C
img_002075,cell_C
img_008788,cell_C
img_011954,cell_F
img_003683,cell_C
img_003719,cell_C
img_007355,cell_A
img_011716,cell_D
img_009416,cell_C
img_009067,cell_F
img_010207,cell_E
img_004973,cell_D
img_000266,cell_H
img_015914,cell_F
img_014730,cell_F
img_000860,cell_F
img_008156,cell_D
img_007299,cell_A
img_008026,cell_A
img_016810,cell_F
img_014389,cell_A
img_015274,cell_B
img_003666,cell_C
img_010318,cell_H
img_015598,cell_F
img_009702,cell_E
img_013643,cell_F
img_000734,cell_A
img_006772,cell_G
img_006659,cell_F
img_014091,cell_F
img_013135,cell_C
img_010910,cell_B
img_001507,cell_D
img_001406,cell_G
img_004039,cell_F
img_014627,cell_B
img_000233,cell_C
img_007062,cell_C
img_014383,cell_F
img_003472,cell_C
img_007522,cell_A
img_009413,cell_G
img_005984,cell_A
img_009734,cell_A
img_002172,cell_D
img_016417,cell_C
img_002357,cell_G
img_007840,cell_A
img_000033,cell_C
img_013295,cell_F
img_007009,cell_C
img_000494,cell_G
img_004214,cell_A
img_010167,cell_C
img_009714,cell_B
img_010882,cell_B
img_000564,cell_E
img_001134,cell_F
img_009182,cell_B
img_009868,cell_H
img_006721,cell_B
img_007594,cell_C
img_009318,cell_E
img_014437,cell_F
img_012169,cell_F
img_008616,cell_C
img_010650,cell_D
img_003949,cell_F
img_005670,cell_F
img_000421,cell_G
img_000732,cell_C
img_004515,cell_F
img_002511,cell_B
img_001934,cell_E
img_009394,cell_C
img_008349,cell_H
img_009326,cell_F
img_007654,cell_C
img_013887,cell_C
img_009892,cell_F
img_005886,cell_E
img_011346,cell_F
img_006490,cell_A
img_005898,cell_F
img_005294,cell_B
img_000999,cell_C
img_003580,cell_A
img_000744,cell_E
img_011578,cell_F
img_015982,cell_E
img_011781,cell_F
img_000306,cell_C
img_012413,cell_F
img_007872,cell_D
img_007353,cell_B
img_000113,cell_D
img_009652,cell_D
img_016354,cell_G
img_009146,cell_C
img_010649,cell_G
img_014913,cell_H
img_012681,cell_G
img_014990,cell_C
img_009847,cell_H
img_007882,cell_B
img_001190,cell_D
img_002602,cell_B
img_006775,cell_A
img_016694,cell_A
img_012381,cell_B
img_008646,cell_C
img_006858,cell_G
img_007651,cell_C
img_014174,cell_F
img_009798,cell_C
img_010930,cell_A
img_006617,cell_F
img_001911,cell_B
img_006661,cell_H
img_004721,cell_D
img_014005,cell_G
img_000858,cell_G
img_010812,cell_A
img_006465,cell_F
img_000851,cell_B
img_006944,cell_C
img_014804,cell_F
img_004125,cell_F
img_015589,cell_H
img_011611,cell_F
img_016935,cell_B
img_003613,cell_F
img_005315,cell_G
img_013247,cell_B
img_012194,cell_F
img_008532,cell_A
img_009312,cell_E
img_007118,cell_F
img_014453,cell_C
img_006710,cell_A
img_010566,cell_A
img_008962,cell_A
img_016113,cell_A
img_009002,cell_A
img_005500,cell_A
img_015111,cell_F
img_008795,cell_F
img_014974,cell_B
img_004147,cell_B
img_015803,cell_A
img_016360,cell_D
img_004443,cell_F
img_014240,cell_B
img_008019,cell_F
img_005403,cell_F
img_007621,cell_F
img_003885,cell_D
img_015854,cell_C
img_009123,cell_G
img_011398,cell_F
img_003115,cell_A
img_007898,cell_F
img_004748,cell_F
img_009317,cell_A
img_015179,cell_F
img_010863,cell_H
img_003460,cell_G
img_016929,cell_A
img_014788,cell_C
img_008777,cell_A
img_000272,cell_B
img_002120,cell_B
img_015341,cell_E
img_014538,cell_H
img_009278,cell_A
img_008707,cell_G
img_012608,cell_A
img_011451,cell_F
img_011582,cell_F
img_000328,cell_C
img_001915,cell_C
img_016313,cell_F
img_014468,cell_F
img_006868,cell_F
img_002430,cell_C
img_016345,cell_F
img_000787,cell_E
img_009282,cell_C
img_008209,cell_D
img_006475,cell_C
img_008887,cell_F
img_015711,cell_D
img_009277,cell_H
img_002735,cell_C
img_006744,cell_A
img_009464,cell_D
img_008693,cell_A
img_005608,cell_C
img_006371,cell_H
img_013846,cell_A
img_015265,cell_F
img_003860,cell_F
img_004700,cell_H
img_016648,cell_D
img_005675,cell_E
img_004795,cell_G
img_016594,cell_A
img_013817,cell_B
img_016671,cell_F
img_015261,cell_G
img_010267,cell_G
img_012072,cell_H
img_006300,cell_F
img_011560,cell_F
img_005995,cell_E
img_012114,cell_C
img_016099,cell_B
img_012763,cell_C
img_012911,cell_D
img_012167,cell_D
img_000022,cell_F
img_010413,cell_C
img_001545,cell_C
img_013616,cell_D
img_000668,cell_E
img_012008,cell_C
img_006907,cell_A
img_007260,cell_A
img_012369,cell_B
img_004733,cell_C
img_000032,cell_D
img_004293,cell_H
img_007565,cell_C
img_002360,cell_F
img_009832,cell_A
img_013397,cell_F
img_007726,cell_B
img_013767,cell_H
img_003716,cell_C
img_014151,cell_F
img_016983,cell_F
img_000330,cell_B
img_012253,cell_E
img_002255,cell_F
img_015952,cell_D
img_012621,cell_F
img_000472,cell_B
img_011287,cell_G
img_000337,cell_B
img_013561,cell_A
img_007119,cell_A
img_004201,cell_E
img_001893,cell_A
img_007391,cell_B
img_004108,cell_C
img_003680,cell_G
img_009207,cell_D
img_008787,cell_C
img_014332,cell_E
img_010325,cell_E
img_006043,cell_D
img_002140,cell_C
img_008308,cell_F
img_002543,cell_A
img_014097,cell_G
img_008220,cell_B
img_007407,cell_F
img_016773,cell_A
img_006842,cell_B
img_000154,cell_E
img_004969,cell_G
img_010185,cell_B
img_017073,cell_D
img_003912,cell_E
img_013521,cell_C
img_013167,cell_G
img_011107,cell_F
img_015610,cell_G
img_013775,cell_C
img_007814,cell_F
img_017070,cell_C
img_016862,cell_F
img_003012,cell_C
img_012585,cell_F
img_006220,cell_F
img_002701,cell_F
img_010417,cell_A
img_013085,cell_D
img_006376,cell_C
img_003266,cell_F
img_011067,cell_C
img_004724,cell_F
img_005161,cell_E
img_013265,cell_F
img_006084,cell_F
img_013355,cell_A
img_012742,cell_A
img_012636,cell_C
img_010020,cell_C
img_008082,cell_H
img_013416,cell_F
img_012669,cell_F
img_003751,cell_B
img_001392,cell_B
img_010051,cell_G
img_007138,cell_D
img_004097,cell_C
img_013680,cell_C
img_001080,cell_B
img_000324,cell_B
img_004074,cell_B
img_016597,cell_F
img_014392,cell_F
img_001561,cell_H
img_015266,cell_H
img_016183,cell_B
img_014511,cell_F
img_000887,cell_F
img_008222,cell_F
img_003108,cell_C
img_010416,cell_E
img_009218,cell_H
img_003831,cell_B
img_004797,cell_B
img_002796,cell_B
img_001370,cell_B
img_006489,cell_G
img_007824,cell_D
img_007041,cell_F
img_008416,cell_B
img_002515,cell_G
img_003018,cell_D
img_008280,cell_G
img_001374,cell_F
img_004255,cell_E
img_016729,cell_C
img_011991,cell_F
img_013099,cell_F
img_008494,cell_B
img_005967,cell_A
img_004080,cell_G
img_007217,cell_C
img_004808,cell_F
img_000401,cell_F
img_012113,cell_A
img_008872,cell_C
img_011081,cell_F
img_007054,cell_C
img_015238,cell_B
img_001449,cell_C
img_007838,cell_F
img_006961,cell_E
img_004424,cell_F
img_011320,cell_G
img_002658,cell_B
img_007803,cell_C
img_003063,cell_G
img_005141,cell_F
img_008228,cell_A
img_000562,cell_A
img_006845,cell_B
img_015488,cell_B
img_003875,cell_C
img_002121,cell_B
img_000568,cell_F
img_013341,cell_F
img_008726,cell_G
img_015449,cell_E
img_012024,cell_B
img_003834,cell_B
img_005837,cell_B
img_016403,cell_B
img_007124,cell_E
img_006957,cell_A
img_000203,cell_F
img_005333,cell_C
img_015496,cell_F
img_005792,cell_B
img_007227,cell_D
img_004533,cell_C
img_007348,cell_C
img_001761,cell_A
img_005623,cell_B
img_003610,cell_B
img_001207,cell_F
img_011347,cell_A
img_001974,cell_B
img_001827,cell_C
img_015679,cell_A
img_002488,cell_F
img_002921,cell_F
img_009289,cell_B
img_008569,cell_G
img_012387,cell_E
img_015714,cell_C
img_015046,cell_A
img_000216,cell_B
img_002237,cell_C
img_010864,cell_G
img_009400,cell_H
img_011838,cell_A
img_006456,cell_C
img_005709,cell_C
img_017023,cell_G
img_006728,cell_A
img_002490,cell_C
img_016828,cell_F
img_001855,cell_F
img_015189,cell_F
img_008649,cell_F
img_002239,cell_C
img_015257,cell_A
img_002124,cell_F
img_008046,cell_C
img_004658,cell_G
img_007688,cell_B
img_014283,cell_C
img_012678,cell_A
img_014184,cell_G
img_010236,cell_C
img_002905,cell_B
img_002453,cell_A
img_016839,cell_B
img_000790,cell_H
img_014906,cell_A
img_006950,cell_C
img_011726,cell_C
img_001939,cell_F
img_003952,cell_F
img_013544,cell_E
img_013518,cell_F
img_013033,cell_H
img_012530,cell_F
img_001686,cell_D
img_001590,cell_C
img_004004,cell_G
img_008762,cell_A
img_001075,cell_E
img_000102,cell_G
img_016192,cell_B
img_014195,cell_C
img_014191,cell_G
img_016105,cell_G
img_008567,cell_A
img_013877,cell_F
img_007837,cell_A
img_004662,cell_A
img_015603,cell_F
img_014722,cell_A
img_004632,cell_F
img_014131,cell_F
img_010360,cell_C
img_001986,cell_F
img_016892,cell_F
img_003616,cell_G
img_003854,cell_F
img_011850,cell_B
img_011036,cell_F
img_009921,cell_C
img_016427,cell_C
img_007560,cell_B
img_003622,cell_B
img_007151,cell_D
img_015908,cell_D
img_009969,cell_C
img_010311,cell_G
img_000244,cell_A
img_010414,cell_F
img_008724,cell_E
img_006576,cell_B
img_008293,cell_C
img_000754,cell_C
img_003997,cell_G
img_012850,cell_A
img_009597,cell_B
img_004889,cell_D
img_008828,cell_D
img_016317,cell_G
img_003067,cell_B
img_014516,cell_C
img_000644,cell_D
img_013761,cell_H
img_008480,cell_C
img_007721,cell_C
img_005527,cell_F
img_003723,cell_D
img_006880,cell_C
img_013015,cell_G
img_015389,cell_A
img_003238,cell_F
img_011105,cell_B
img_002450,cell_D
img_006812,cell_H
img_012330,cell_B
img_002374,cell_B
img_002265,cell_E
img_002448,cell_A
img_005283,cell_D
img_002189,cell_G
img_004220,cell_C
img_006311,cell_D
img_010861,cell_C
img_003842,cell_C
img_001763,cell_B
img_000322,cell_B
img_004163,cell_A
img_003485,cell_A
img_010030,cell_A
img_005094,cell_B
img_009299,cell_A
img_008981,cell_B
img_015937,cell_B
img_002943,cell_C
img_012081,cell_H
img_012441,cell_G
img_002323,cell_A
img_011025,cell_B
img_016798,cell_C
img_013593,cell_F
img_015778,cell_E
img_009725,cell_F
img_003019,cell_B
img_009213,cell_A
img_008923,cell_C
img_005740,cell_A
img_007964,cell_A
img_007414,cell_A
img_013977,cell_C
img_003242,cell_B
img_009594,cell_C
img_001513,cell_A
img_016627,cell_B
img_002556,cell_B
img_000771,cell_C
img_006535,cell_F
img_001638,cell_B
img_002065,cell_C
img_015472,cell_C
img_009802,cell_F
img_010492,cell_F
img_000252,cell_E
img_001838,cell_C
img_009927,cell_H
img_001850,cell_F
img_006949,cell_D
img_005108,cell_B
img_016070,cell_A
img_000493,cell_D
img_014909,cell_F
img_016759,cell_B
img_012653,cell_E
img_001291,cell_E
img_015463,cell_C
img_010602,cell_C
img_012688,cell_E
img_012279,cell_D
img_004855,cell_B
img_010128,cell_H
img_016603,cell_C
img_016806,cell_C
img_014227,cell_G
img_015094,cell_E
img_000286,cell_C
img_013367,cell_C
img_009741,cell_C
img_015683,cell_B
img_006790,cell_C
img_010617,cell_C
img_008573,cell_G
img_010209,cell_C
img_016857,cell_F
img_000552,cell_A
img_015264,cell_D
img_004864,cell_A
img_013538,cell_E
img_013833,cell_H
img_000546,cell_F
img_004202,cell_C
img_004295,cell_B
img_004175,cell_A
img_010086,cell_A
img_010860,cell_F
img_000221,cell_C
img_006251,cell_B
img_006290,cell_G
img_009722,cell_B
img_017049,cell_H
img_000916,cell_A
img_000541,cell_A
img_003971,cell_D
img_008619,cell_H
img_005735,cell_H
img_007892,cell_G
img_015564,cell_F
img_009323,cell_D
img_006305,cell_D
img_007516,cell_C
img_000759,cell_H
img_005364,cell_F
img_007149,cell_F
img_014421,cell_D
img_016088,cell_D
img_002337,cell_E
img_009545,cell_G
img_014726,cell_G
img_002539,cell_C
img_007044,cell_F
img_009539,cell_C
img_003992,cell_C
img_001232,cell_C
img_010071,cell_H
img_014340,cell_A
img_010089,cell_C
img_007919,cell_C
img_015878,cell_E
img_015709,cell_F
img_005930,cell_G
img_015810,cell_A
img_013721,cell_D
img_010621,cell_B
img_007232,cell_F
img_011567,cell_B
img_016902,cell_C
img_010937,cell_H
img_000661,cell_F
img_011061,cell_C
img_013297,cell_C
img_011327,cell_B
img_014096,cell_F
img_001631,cell_F
img_003618,cell_A
img_013317,cell_D
img_006226,cell_D
img_009167,cell_D
img_005214,cell_H
img_015079,cell_D
img_007283,cell_D
img_011573,cell_F
img_009513,cell_H
img_009238,cell_A
img_012991,cell_F
img_004123,cell_D
img_006365,cell_E
img_014007,cell_G
img_011873,cell_B
img_011540,cell_F
img_007812,cell_C
img_004933,cell_C
img_009310,cell_F
img_002504,cell_A
img_005222,cell_C
img_000852,cell_E
img_005061,cell_G
img_000396,cell_C
img_007518,cell_H
img_004058,cell_G
img_002899,cell_B
img_014300,cell_D
img_015200,cell_G
img_005569,cell_E
img_015481,cell_F
img_017061,cell_C
img_004320,cell_E
img_008856,cell_F
img_006424,cell_A
img_002188,cell_H
img_003275,cell_H
img_007471,cell_D
img_000710,cell_B
img_009193,cell_G
img_005518,cell_B
img_004303,cell_C
img_004874,cell_B
img_006826,cell_F
img_004935,cell_E
img_013197,cell_D
img_015455,cell_A
img_014121,cell_D
img_010628,cell_D
img_003909,cell_F
img_000298,cell_D
img_015374,cell_C
img_009686,cell_C
img_002460,cell_B
img_000010,cell_F
img_015318,cell_C
img_003662,cell_C
img_002938,cell_A
img_001214,cell_B
img_011437,cell_B
img_000681,cell_F
img_011208,cell_C
img_004399,cell_E
img_000601,cell_B
img_004038,cell_H
img_005724,cell_C
img_001126,cell_B
img_003569,cell_F
img_002198,cell_A
img_016889,cell_F
img_004229,cell_F
img_007608,cell_B
img_017029,cell_H
img_015267,cell_F
img_001697,cell_G
img_010249,cell_H
img_011114,cell_D
img_013044,cell_D
img_004460,cell_A
img_012908,cell_F
img_001773,cell_C
img_007790,cell_E
img_007676,cell_C
img_003183,cell_C
img_007272,cell_C
img_000932,cell_D
img_015219,cell_B
img_003477,cell_F
img_005424,cell_F
img_010703,cell_G
img_011297,cell_D
img_003733,cell_B
img_011417,cell_F
img_016017,cell_F
img_008855,cell_F
img_000029,cell_D
img_009552,cell_B
img_006265,cell_H
img_014399,cell_G
img_012697,cell_F
img_010695,cell_H
img_001085,cell_B
img_007735,cell_A
img_010357,cell_C
img_002845,cell_H
img_005059,cell_C
img_006034,cell_C
img_001367,cell_D
img_015168,cell_A
img_000683,cell_B
img_010433,cell_F
img_015383,cell_H
img_007265,cell_C
img_003028,cell_C
img_005714,cell_C
img_008202,cell_B
img_004807,cell_B
img_007981,cell_C
img_009541,cell_G
img_000900,cell_A
img_012242,cell_G
img_005098,cell_G
img_000390,cell_B
img_000794,cell_C
img_010230,cell_H
img_013439,cell_C
img_011902,cell_B
img_009114,cell_D
img_015217,cell_A
img_001048,cell_H
img_012411,cell_C
img_004757,cell_E
img_014338,cell_D
img_001853,cell_C
img_001596,cell_F
img_002438,cell_A
img_001551,cell_G
img_008196,cell_H
img_001328,cell_D
img_012501,cell_A
img_012472,cell_A
img_011864,cell_F
img_006330,cell_C
img_008731,cell_B
img_016726,cell_C
img_011310,cell_G
img_001297,cell_H
img_003978,cell_D
img_000802,cell_B
img_002637,cell_F
img_009425,cell_A
img_015853,cell_G
img_001966,cell_B
img_005314,cell_C
img_012839,cell_C
img_016959,cell_B
img_000473,cell_B
img_010446,cell_C
img_005875,cell_A
img_015698,cell_F
img_015482,cell_B
img_006237,cell_H
img_004150,cell_D
img_002844,cell_F
img_002282,cell_A
img_004410,cell_F
img_011448,cell_C
img_010471,cell_D
img_002014,cell_C
img_015235,cell_B
img_016666,cell_C
img_001783,cell_B
img_008406,cell_F
img_009995,cell_C
img_016560,cell_D
img_002318,cell_A
img_001985,cell_F
img_003263,cell_C
img_004269,cell_H
img_002910,cell_G
img_015307,cell_D
img_011318,cell_A
img_014512,cell_F
img_001261,cell_D
img_002643,cell_C
img_008534,cell_F
img_016471,cell_B
img_008435,cell_C
img_005313,cell_C
img_007720,cell_B
img_011055,cell_H
img_014820,cell_C
img_008051,cell_F
img_011188,cell_F
img_000625,cell_A
img_009804,cell_B
img_002998,cell_A
img_016055,cell_G
img_011302,cell_F
img_006882,cell_D
img_004946,cell_C
img_005595,cell_D
img_002977,cell_B
img_016027,cell_C
img_009382,cell_F
img_003984,cell_A
img_000189,cell_B
img_016750,cell_D
img_001674,cell_F
img_003111,cell_A
img_009691,cell_F
img_014204,cell_H
img_011787,cell_F
img_000714,cell_B
img_009351,cell_F
img_005703,cell_E
img_007755,cell_B
img_003456,cell_E
img_016266,cell_F
img_010618,cell_F
img_016366,cell_C
img_009978,cell_D
img_007371,cell_C
img_004828,cell_C
img_003546,cell_B
img_006931,cell_C
img_012787,cell_B
img_007169,cell_A
img_005588,cell_C
img_008321,cell_D
img_012494,cell_D
img_000936,cell_F
img_015120,cell_C
img_005599,cell_A
img_008478,cell_E
img_016282,cell_F
img_001251,cell_G
img_014085,cell_D
img_017002,cell_A
img_007811,cell_C
img_014959,cell_F
img_015645,cell_C
img_011384,cell_F
img_006328,cell_B
img_014163,cell_G
img_005742,cell_D
img_015815,cell_C
img_006344,cell_F
img_005999,cell_A
img_010074,cell_C
img_006564,cell_C
img_002989,cell_F
img_016551,cell_A
img_013876,cell_B
img_013664,cell_G
img_009629,cell_B
img_004612,cell_F
img_013318,cell_C
img_012631,cell_F
img_006168,cell_C
img_006798,cell_B
img_014604,cell_G
img_011964,cell_B
img_012079,cell_F
img_000878,cell_F
img_011072,cell_F
img_004403,cell_C
img_014513,cell_B
img_009322,cell_H
img_014409,cell_D
img_013826,cell_F
img_013575,cell_B
img_001941,cell_C
img_014623,cell_B
img_015027,cell_G
img_005931,cell_C
img_000143,cell_F
img_001774,cell_D
img_015479,cell_F
img_006852,cell_F
img_009606,cell_G
img_013599,cell_E
img_000560,cell_C
img_015571,cell_E
img_007610,cell_E
img_010980,cell_A
img_003339,cell_C
img_016969,cell_H
img_016851,cell_G
img_004679,cell_B
img_003500,cell_E
img_013237,cell_D
img_008683,cell_E
img_014843,cell_A
img_016173,cell_D
img_006287,cell_H
img_016172,cell_E
img_013646,cell_F
img_016718,cell_B
img_005349,cell_C
img_012200,cell_E
img_007456,cell_G
img_004454,cell_F
img_013813,cell_D
img_012065,cell_C
img_012443,cell_H
img_014236,cell_B
img_005280,cell_B
img_000335,cell_C
img_005176,cell_B
img_006572,cell_D
img_001266,cell_A
img_011770,cell_F
img_008170,cell_A
img_017000,cell_D
img_007751,cell_C
img_002356,cell_G
img_013133,cell_H
img_012857,cell_F
img_013764,cell_C
img_013591,cell_F
img_015420,cell_G
img_009236,cell_A
img_011630,cell_D
img_009480,cell_F
img_015303,cell_C
img_007425,cell_F
img_005795,cell_B
img_005437,cell_B
img_010932,cell_F
img_002050,cell_B
img_002761,cell_F
img_004272,cell_E
img_010580,cell_H
img_004176,cell_F
img_001220,cell_F
img_002563,cell_B
img_006567,cell_B
img_001257,cell_H
img_002457,cell_F
img_014251,cell_D
img_001030,cell_A
img_011592,cell_H
img_012257,cell_C
img_016710,cell_B
img_010463,cell_D
img_008841,cell_A
img_011379,cell_C
img_015629,cell_B
img_005149,cell_D
img_002180,cell_F
img_006963,cell_C
img_011899,cell_D
img_007469,cell_C
img_011548,cell_F
img_011733,cell_B
img_003706,cell_H
img_008741,cell_B
img_000314,cell_B
img_010439,cell_G
img_006326,cell_E
img_014101,cell_B
img_000603,cell_H
img_001899,cell_B
img_011165,cell_D
img_013691,cell_A
img_004974,cell_F
img_000886,cell_C
img_004558,cell_F
img_003084,cell_B
img_001752,cell_F
img_006971,cell_A
img_009267,cell_A
img_003568,cell_B
img_006953,cell_F
img_014771,cell_H
img_001453,cell_F
img_016538,cell_C
img_005435,cell_B
img_013260,cell_D
img_008075,cell_H
img_000631,cell_B
img_007447,cell_F
img_010047,cell_D
img_014370,cell_A
img_013483,cell_B
img_003522,cell_B
img_008702,cell_D
img_005021,cell_F
img_008888,cell_B
img_004001,cell_A
img_013873,cell_A
img_005358,cell_A
img_010451,cell_B
img_007601,cell_B
img_002923,cell_C
img_012743,cell_H
img_000827,cell_C
img_007552,cell_A
img_002793,cell_B
img_011642,cell_A
img_013185,cell_D
img_013654,cell_C
img_006350,cell_A
img_004576,cell_C
img_008006,cell_A
img_005907,cell_D
img_010957,cell_B
img_007679,cell_C
img_004925,cell_F
img_000889,cell_A
img_013083,cell_E
img_002725,cell_B
img_014094,cell_D
img_003008,cell_C
img_005458,cell_C
img_016263,cell_F
img_006314,cell_A
img_001319,cell_A
img_006225,cell_A
img_004575,cell_F
img_015153,cell_G
img_014870,cell_C
img_000517,cell_H
img_005029,cell_B
img_016703,cell_F
img_002359,cell_C
img_009388,cell_C
img_004466,cell_F
img_006142,cell_B
img_010196,cell_E
img_006788,cell_C
img_000026,cell_D
img_005845,cell_A
img_001360,cell_D
img_004646,cell_B
img_007339,cell_F
img_000781,cell_G
img_009881,cell_A
img_004774,cell_B
img_005064,cell_H
img_005000,cell_F
img_004389,cell_F
img_009374,cell_A
img_012487,cell_A
img_000785,cell_F
img_007732,cell_B
img_003149,cell_F
img_002924,cell_F
img_007086,cell_G
img_007869,cell_A
img_002777,cell_C
img_007198,cell_D
img_016326,cell_F
img_010053,cell_B
img_006619,cell_F
img_003841,cell_D
img_012215,cell_F
img_006061,cell_C
img_002860,cell_A
img_011207,cell_F
img_012552,cell_B
img_006427,cell_D
img_006189,cell_C
img_001957,cell_C
img_003979,cell_B
img_000502,cell_B
img_014268,cell_F
img_014424,cell_D
img_014039,cell_A
img_016250,cell_D
img_015269,cell_C
img_014484,cell_G
img_015858,cell_F
img_015325,cell_E
img_001149,cell_B
img_012597,cell_C
img_006024,cell_H
img_001461,cell_C
img_002553,cell_G
img_004376,cell_C
img_006440,cell_B
img_000217,cell_A
img_015149,cell_F
img_004979,cell_B
img_015808,cell_C
img_015083,cell_A
img_000788,cell_C
img_013914,cell_F
img_008546,cell_B
img_001280,cell_A
img_008334,cell_F
img_000373,cell_C
img_009354,cell_E
img_016859,cell_G
img_010016,cell_B
img_008766,cell_G
img_015811,cell_A
img_000775,cell_F
img_004196,cell_B
img_007717,cell_F
img_009337,cell_B
img_002080,cell_B
img_003611,cell_D
img_008253,cell_D
img_003914,cell_B
img_001225,cell_G
img_000927,cell_G
img_010084,cell_C
img_013452,cell_B
img_008324,cell_F
img_016479,cell_C
img_007635,cell_B
img_015431,cell_E
img_006519,cell_A
img_001991,cell_C
img_002388,cell_B
img_002710,cell_A
img_007308,cell_B
img_006526,cell_B
img_007544,cell_D
img_003319,cell_D
img_009806,cell_G
img_012377,cell_F
img_008874,cell_F
img_000921,cell_H
img_001891,cell_G
img_001748,cell_D
img_015470,cell_B
img_015410,cell_A
img_004116,cell_B
img_015936,cell_B
img_012910,cell_C
img_001813,cell_C
img_011206,cell_G
img_003185,cell_G
img_010182,cell_A
img_003410,cell_A
img_004862,cell_G
img_000378,cell_C
img_003160,cell_B
img_007392,cell_D
img_014520,cell_E
img_001491,cell_C
img_014146,cell_B
img_014932,cell_G
img_004846,cell_A
img_013656,cell_D
img_009052,cell_A
img_006770,cell_F
img_007315,cell_D
img_013173,cell_E
img_013442,cell_A
img_001451,cell_A
img_000307,cell_G
img_003363,cell_F
img_012595,cell_A
img_004409,cell_F
img_011541,cell_H
img_004948,cell_H
img_012179,cell_C
img_005485,cell_D
img_008377,cell_F
img_010648,cell_C
img_007806,cell_G
img_002168,cell_F
img_012069,cell_A
img_007248,cell_A
img_011321,cell_B
img_007678,cell_D
img_013588,cell_F
img_015974,cell_F
img_011121,cell_G
img_002737,cell_B
img_007701,cell_F
img_016135,cell_C
img_000028,cell_A
img_014895,cell_D
img_013080,cell_F
img_015654,cell_C
img_016372,cell_E
img_001469,cell_C
img_012131,cell_F
img_005031,cell_H
img_005282,cell_C
img_002571,cell_B
img_011687,cell_F
img_002779,cell_B
img_006419,cell_C
img_002439,cell_C
img_013270,cell_A
img_009029,cell_F
img_016468,cell_H
img_008150,cell_B
img_012063,cell_F
img_014705,cell_B
img_013209,cell_B
img_008940,cell_F
img_005950,cell_D
img_008168,cell_B
img_013275,cell_C
img_006075,cell_B
img_015947,cell_A
img_014987,cell_C
img_015426,cell_A
img_006282,cell_B
img_004478,cell_F
img_008743,cell_F
img_003436,cell_F
img_016576,cell_A
img_011951,cell_F
img_010299,cell_C
img_016274,cell_B
img_008359,cell_A
img_009109,cell_C
img_015695,cell_F
img_016688,cell_A
img_013918,cell_C
img_001089,cell_C
img_010160,cell_G
img_007131,cell_F
img_003091,cell_B
img_015026,cell_D
img_003375,cell_D
img_000884,cell_G
img_016030,cell_A
img_002861,cell_B
img_012002,cell_F
img_010983,cell_A
img_003447,cell_H
img_001171,cell_C
img_012686,cell_F
img_012146,cell_B
img_015338,cell_A
img_015670,cell_B
img_015337,cell_A
img_015874,cell_F
img_006987,cell_B
img_013836,cell_A
img_013983,cell_A
img_013052,cell_B
img_012451,cell_C
img_015861,cell_C
img_010005,cell_G
img_009293,cell_A
img_011361,cell_H
img_000657,cell_G
img_010168,cell_B
img_016679,cell_G
img_010212,cell_B
img_003357,cell_B
img_004651,cell_B
img_006155,cell_A
img_003936,cell_G
img_002595,cell_C
img_004296,cell_B
img_014199,cell_C
img_002786,cell_A
img_002726,cell_F
img_001589,cell_F
img_007052,cell_C
img_016332,cell_F
img_005390,cell_D
img_005667,cell_C
img_006786,cell_A
img_011257,cell_D
img_001208,cell_F
img_012922,cell_H
img_008329,cell_H
img_004833,cell_C
img_011031,cell_E
img_002613,cell_F
img_015730,cell_C
img_003587,cell_E
img_014981,cell_C
img_004779,cell_B
img_006030,cell_D
img_004489,cell_F
img_014284,cell_F
img_015450,cell_B
img_014373,cell_F
img_010663,cell_A
img_006474,cell_F
img_015106,cell_F
img_002680,cell_A
img_001954,cell_B
img_012749,cell_F
img_006587,cell_D
img_001868,cell_C
img_006245,cell_F
img_001038,cell_B
img_013238,cell_H
img_015657,cell_G
img_005780,cell_F
img_007424,cell_C
img_008070,cell_D
img_010498,cell_F
img_003619,cell_F
img_015441,cell_H
img_013394,cell_B
img_010260,cell_E
img_015828,cell_E
img_009290,cell_E
img_008290,cell_E
img_003437,cell_D
img_007590,cell_F
img_006767,cell_D
img_008861,cell_A
img_006216,cell_F
img_001642,cell_E
img_015354,cell_E
img_001412,cell_C
img_011828,cell_H
img_009819,cell_C
img_000297,cell_F
img_014803,cell_D
img_002422,cell_C
img_008521,cell_A
img_011279,cell_C
img_003915,cell_D
img_012835,cell_F
img_008049,cell_B
img_005044,cell_G
img_003159,cell_F
img_012286,cell_A
img_002870,cell_F
img_014884,cell_B
img_011182,cell_E
img_010159,cell_A
img_010866,cell_E
img_013758,cell_A
img_003476,cell_C
img_006054,cell_B
img_011774,cell_C
img_015632,cell_B
img_006171,cell_B
img_000245,cell_F
img_000526,cell_D
img_007188,cell_A
img_002399,cell_B
img_015548,cell_F
img_013257,cell_A
img_015360,cell_B
img_003228,cell_D
img_014935,cell_C
img_010804,cell_G
img_007163,cell_B
img_002128,cell_C
img_005319,cell_A
img_007910,cell_F
img_002829,cell_F
img_015528,cell_G
img_011017,cell_D
img_005535,cell_C
img_007033,cell_C
img_007058,cell_A
img_016073,cell_B
img_015095,cell_B
img_008871,cell_A
img_015597,cell_C
img_014645,cell_F
img_014290,cell_G
img_003305,cell_B
img_014285,cell_B
img_007181,cell_A
img_003938,cell_B
img_011729,cell_D
img_006504,cell_B
img_003650,cell_C
img_004350,cell_F
img_006674,cell_E
img_007428,cell_F
img_009485,cell_F
img_009450,cell_C
img_013226,cell_B
img_012075,cell_C
img_001942,cell_C
img_001841,cell_F
img_016995,cell_B
img_001102,cell_H
img_013872,cell_A
img_003758,cell_D
img_015578,cell_B
img_001664,cell_B
img_013928,cell_G
img_016018,cell_G
img_010562,cell_C
img_006258,cell_C
img_002101,cell_F
img_004772,cell_B
img_003382,cell_C
img_010226,cell_G
img_006748,cell_F
img_009858,cell_F
img_002117,cell_F
img_009127,cell_H
img_007006,cell_B
img_011914,cell_F
img_010329,cell_C
img_008120,cell_D
img_008638,cell_C
img_016622,cell_G
img_008570,cell_G
img_015796,cell_A
img_011598,cell_B
img_015191,cell_C
img_000870,cell_F
img_009103,cell_A
img_017078,cell_E
img_001627,cell_C
img_001720,cell_E
img_009370,cell_H
img_014030,cell_A
img_001540,cell_B
img_001409,cell_B
img_007226,cell_C
img_008912,cell_E
img_016224,cell_F
img_006769,cell_D
img_005718,cell_F
img_011299,cell_A
img_013774,cell_A
img_008401,cell_A
img_008590,cell_A
img_003000,cell_H
img_010726,cell_C
img_005621,cell_G
img_003852,cell_G
img_009070,cell_D
img_015331,cell_D
img_016249,cell_C
img_001161,cell_B
img_003916,cell_E
img_003714,cell_C
img_014090,cell_B
img_012923,cell_F
img_015527,cell_C
img_009931,cell_C
img_006857,cell_F
img_004162,cell_C
img_007912,cell_F
img_000050,cell_H
img_014777,cell_C
img_000430,cell_F
img_011314,cell_C
img_010770,cell_F
img_012538,cell_D
img_016335,cell_H
img_007804,cell_B
img_013769,cell_D
img_007457,cell_A
img_006821,cell_F
img_006137,cell_G
img_001544,cell_C
img_006566,cell_G
img_009837,cell_B
img_007187,cell_C
img_011675,cell_D
img_004193,cell_F
img_005287,cell_H
img_002653,cell_B
img_011815,cell_A
img_005345,cell_D
img_008928,cell_C
img_014471,cell_F
img_013695,cell_F
img_009162,cell_B
img_001719,cell_D
img_001448,cell_F
img_006470,cell_B
img_004084,cell_G
img_010264,cell_E
img_007969,cell_C
img_007137,cell_E
img_011160,cell_F
img_014455,cell_G
img_015334,cell_C
img_008920,cell_C
img_011689,cell_C
img_014118,cell_F
img_001541,cell_B
img_000051,cell_A
img_008225,cell_A
img_007853,cell_E
img_007646,cell_C
img_008206,cell_C
img_010380,cell_A
img_014811,cell_B
img_014481,cell_F
img_015107,cell_B
img_005916,cell_C
img_012860,cell_A
img_003524,cell_H
img_003431,cell_C
img_003112,cell_F
img_009677,cell_H
img_005331,cell_B
img_015729,cell_G
img_008404,cell_F
img_009254,cell_B
img_008407,cell_B
img_009281,cell_A
img_014640,cell_C
img_007542,cell_A
img_001598,cell_F
img_006122,cell_D
img_003453,cell_D
img_002095,cell_C
img_016357,cell_C
img_013797,cell_C
img_010410,cell_C
img_009408,cell_B
img_010963,cell_F
img_013243,cell_B
img_007269,cell_D
img_012151,cell_A
img_005971,cell_G
img_001056,cell_F
img_000525,cell_H
img_013816,cell_B
img_011244,cell_E
img_005932,cell_D
img_007483,cell_C
img_006351,cell_F
img_008311,cell_D
img_002413,cell_B
img_015326,cell_G
img_007449,cell_C
img_010698,cell_A
img_007249,cell_A
img_009879,cell_G
img_004232,cell_D
img_002688,cell_F
img_005228,cell_A
img_013063,cell_C
img_003755,cell_D
img_016433,cell_C
img_007714,cell_D
img_003825,cell_B
img_012853,cell_C
img_006002,cell_C
img_010877,cell_F
img_012133,cell_E
img_008822,cell_B
img_003186,cell_G
img_013319,cell_H
img_002807,cell_D
img_011557,cell_A
img_013513,cell_A
img_007531,cell_C
img_002122,cell_H
img_004987,cell_D
img_009590,cell_C
img_006548,cell_H
img_000504,cell_C
img_000723,cell_B
img_010776,cell_A
img_010229,cell_D
img_008984,cell_F
img_000158,cell_C
img_014127,cell_F
img_009562,cell_F
img_004741,cell_H
img_010714,cell_D
img_003905,cell_F
img_004614,cell_E
img_002683,cell_A
img_001369,cell_F
img_010999,cell_C
img_003023,cell_F
img_002636,cell_C
img_000549,cell_A
img_015891,cell_D
img_001489,cell_B
img_001332,cell_F
img_009550,cell_D
img_002785,cell_F
img_007214,cell_C
img_000963,cell_B
img_008643,cell_H
img_014549,cell_C
img_015904,cell_F
img_011026,cell_F
img_007443,cell_F
img_004513,cell_F
img_014940,cell_C
img_004910,cell_B
img_007511,cell_F
img_002030,cell_C
img_008279,cell_C
img_001479,cell_A
img_013852,cell_A
img_013333,cell_C
img_000856,cell_F
img_006458,cell_F
img_002547,cell_D
img_010771,cell_B
img_012455,cell_B
img_004943,cell_B
img_009437,cell_F
img_005994,cell_H
img_016032,cell_A
img_000925,cell_D
img_014714,cell_E
img_014274,cell_G
img_011904,cell_F
img_009202,cell_B
img_009106,cell_B
img_002099,cell_F
img_005110,cell_E
img_000666,cell_D
img_004518,cell_A
img_006153,cell_B
img_008695,cell_D
img_006001,cell_C
img_010636,cell_A
img_013563,cell_B
img_016695,cell_F
img_004510,cell_C
img_008761,cell_B
img_008469,cell_B
img_016861,cell_C
img_010037,cell_E
img_002920,cell_D
img_000782,cell_F
img_002816,cell_D
img_007848,cell_B
img_016754,cell_F
img_011468,cell_C
img_008327,cell_F
img_000008,cell_B
img_006159,cell_F
img_009526,cell_C
img_004112,cell_C
img_007694,cell_F
img_001993,cell_B
img_010189,cell_B
img_016757,cell_E
img_003612,cell_B
img_011545,cell_F
img_012612,cell_A
img_003659,cell_B
img_012031,cell_B
img_000044,cell_F
img_011298,cell_B
img_016445,cell_F
img_015128,cell_A
img_011494,cell_F
img_015119,cell_B
img_005630,cell_B
img_003547,cell_G
img_012343,cell_F
img_002652,cell_D
img_014198,cell_H
img_004118,cell_D
img_014113,cell_D
img_003594,cell_C
img_010785,cell_F
img_002752,cell_F
img_015823,cell_A
img_013692,cell_F
img_003412,cell_D
img_013929,cell_A
img_009291,cell_E
img_000404,cell_B
img_011364,cell_C
img_015967,cell_G
img_003794,cell_A
img_010222,cell_F
img_000062,cell_B
img_005866,cell_B
img_010679,cell_F
img_009694,cell_F
img_004167,cell_F
img_005373,cell_E
img_008965,cell_A
img_010077,cell_H
img_006696,cell_G
img_001331,cell_G
img_009848,cell_H
img_016111,cell_A
img_010687,cell_F
img_000420,cell_C
img_006956,cell_E
img_006946,cell_F
img_008086,cell_F
img_004644,cell_H
img_005085,cell_C
img_002060,cell_E
img_011895,cell_G
img_009051,cell_G
img_001123,cell_B
img_009738,cell_A
img_012976,cell_C
img_009276,cell_A
img_008916,cell_B
img_002587,cell_D
img_013996,cell_A
img_001094,cell_G
img_005776,cell_F
img_008710,cell_G
img_007618,cell_B
img_006332,cell_C
img_001307,cell_F
img_013565,cell_C
img_009896,cell_B
img_010676,cell_B
img_003426,cell_D
img_009390,cell_E
img_009417,cell_C
img_003800,cell_A
img_006595,cell_F
img_006540,cell_A
img_010767,cell_G
img_007502,cell_E
img_012274,cell_F
img_003709,cell_C
img_008508,cell_F
img_015616,cell_C
img_016837,cell_B
img_014454,cell_G
img_007792,cell_C
img_002092,cell_B
img_011950,cell_C
img_008944,cell_C
img_014149,cell_D
img_013925,cell_B
img_012990,cell_B
img_014529,cell_E
img_011678,cell_H
img_005006,cell_B
img_002222,cell_B
img_011892,cell_C
img_010064,cell_G
img_005867,cell_F
img_006694,cell_G
img_001721,cell_A
img_004117,cell_B
img_008388,cell_E
img_000232,cell_F
img_005220,cell_B
img_003951,cell_F
img_009865,cell_F
img_008893,cell_C
img_006124,cell_D
img_005883,cell_E
img_007077,cell_C
img_016962,cell_C
img_016401,cell_F
img_009019,cell_A
img_013754,cell_F
img_000758,cell_D
img_015900,cell_C
img_016580,cell_F
img_004035,cell_B
img_013757,cell_C
img_013123,cell_A
img_001098,cell_B
img_007373,cell_B
img_004145,cell_B
img_005126,cell_D
img_006429,cell_F
img_014051,cell_F
img_006754,cell_C
img_000387,cell_B
img_008859,cell_B
img_008288,cell_B
img_016994,cell_A
img_003291,cell_E
img_008694,cell_E
img_002527,cell_F
img_001558,cell_F
img_011818,cell_B
img_006967,cell_F
img_013130,cell_F
img_016955,cell_F
img_009414,cell_F
img_008317,cell_D
img_016286,cell_C
img_001378,cell_B
img_007933,cell_C
img_007376,cell_D
img_013756,cell_G
img_012542,cell_G
img_000741,cell_C
img_007857,cell_E
img_010467,cell_H
img_010172,cell_C
img_010958,cell_A
img_012491,cell_B
img_010001,cell_B
img_013478,cell_B
img_002697,cell_F
img_005135,cell_F
img_010777,cell_A
img_015505,cell_H
img_011248,cell_F
img_010694,cell_H
img_004869,cell_E
img_004819,cell_F
img_004030,cell_D
img_008815,cell_B
img_015113,cell_F
img_000249,cell_C
img_008786,cell_B
img_007292,cell_F
img_001585,cell_A
img_011852,cell_G
img_005523,cell_C
img_001493,cell_E
img_004934,cell_H
img_005156,cell_A
img_010919,cell_F
img_001183,cell_E
img_002548,cell_C
img_013974,cell_F
img_016473,cell_B
img_005644,cell_H
img_005480,cell_C
img_002661,cell_B
img_005826,cell_F
img_007923,cell_E
img_007692,cell_C
img_007354,cell_A
img_005177,cell_D
img_002529,cell_D
img_000037,cell_D
img_010379,cell_F
img_010677,cell_B
img_007895,cell_A
img_000156,cell_C
img_008963,cell_A
img_003056,cell_C
img_010176,cell_C
img_010036,cell_H
img_015143,cell_B
img_001812,cell_H
img_010043,cell_D
img_006693,cell_C
img_015379,cell_B
img_016780,cell_B
img_011202,cell_F
img_015773,cell_F
img_012355,cell_A
img_016474,cell_B
img_000578,cell_C
img_014648,cell_H
img_014718,cell_B
img_007389,cell_B
img_013172,cell_A
img_005150,cell_A
img_016932,cell_A
img_011753,cell_B
img_007707,cell_H
img_000635,cell_A
img_016201,cell_G
img_000591,cell_F
img_010358,cell_F
img_011890,cell_C
img_012828,cell_B
img_004876,cell_F
img_003953,cell_C
img_016813,cell_F
img_014244,cell_D
img_016199,cell_A
img_007393,cell_C
img_016174,cell_F
img_004746,cell_B
img_003548,cell_D
img_002376,cell_B
img_015649,cell_C
img_004604,cell_E
img_010609,cell_B
img_010891,cell_F
img_002362,cell_F
img_010780,cell_F
img_011035,cell_A
img_007067,cell_C
img_010819,cell_D
img_008153,cell_E
img_000941,cell_A
img_010040,cell_F
img_008668,cell_F
img_003830,cell_D
img_001794,cell_C
img_014207,cell_A
img_000682,cell_D
img_016424,cell_F
img_009915,cell_C
img_003922,cell_C
img_016034,cell_F
img_003636,cell_F
img_014308,cell_C
img_000958,cell_D
img_010487,cell_A
img_000439,cell_F
img_002260,cell_B
img_016587,cell_B
img_005003,cell_B
img_001128,cell_F
img_000964,cell_B
img_003452,cell_B
img_003335,cell_B
img_008891,cell_F
img_005348,cell_E
img_006689,cell_F
img_002699,cell_A
img_010009,cell_F
img_012240,cell_A
img_014778,cell_F
img_003536,cell_A
img_002329,cell_B
img_013530,cell_F
img_007253,cell_C
img_015409,cell_G
img_008552,cell_H
img_005948,cell_D
img_015129,cell_F
img_003945,cell_D
img_004672,cell_A
img_014869,cell_G
img_007307,cell_A
img_004141,cell_A
img_012719,cell_C
img_007356,cell_B
img_010605,cell_F
img_011979,cell_B
img_016096,cell_E
img_010585,cell_F
img_004433,cell_D
img_000227,cell_D
img_006447,cell_A
img_004952,cell_B
img_000092,cell_G
img_000926,cell_E
img_012579,cell_F
img_001508,cell_F
img_014657,cell_A
img_006060,cell_C
img_002465,cell_C
img_014404,cell_A
img_003338,cell_F
img_002833,cell_A
img_003962,cell_H
img_010024,cell_F
img_010986,cell_D
img_016411,cell_B
img_007381,cell_F
img_002064,cell_C
img_001364,cell_C
img_013098,cell_H
img_011523,cell_B
img_004852,cell_F
img_005281,cell_B
img_002831,cell_D
img_012820,cell_B
img_012811,cell_C
img_015511,cell_C
img_007097,cell_G
img_002385,cell_B
img_010455,cell_B
img_016517,cell_C
img_014230,cell_G
img_002609,cell_G
img_002622,cell_C
img_005841,cell_C
img_016645,cell_H
img_006718,cell_F
img_016667,cell_F
img_010741,cell_D
img_004908,cell_B
img_002500,cell_A
img_002544,cell_A
img_001088,cell_F
img_015232,cell_C
img_008595,cell_G
img_001460,cell_B
img_006667,cell_C
img_010743,cell_A
img_009575,cell_B
img_007709,cell_A
img_002957,cell_A
img_009243,cell_H
img_005411,cell_A
img_008978,cell_E
img_002259,cell_B
img_005163,cell_D
img_007636,cell_B
img_007515,cell_E
img_011472,cell_G
img_008690,cell_E
img_013945,cell_B
img_003279,cell_A
img_014737,cell_A
img_010079,cell_D
img_009378,cell_F
img_008010,cell_E
img_008134,cell_C
img_016547,cell_C
img_008697,cell_C
img_011919,cell_H
img_016306,cell_C
img_014727,cell_B
img_003226,cell_A
img_015297,cell_B
img_010277,cell_H
img_013689,cell_C
img_005245,cell_D
img_016681,cell_E
img_017059,cell_D
img_001580,cell_B
img_011394,cell_C
img_005344,cell_G
img_016746,cell_C
img_010507,cell_C
img_000527,cell_B
img_007010,cell_C
img_007460,cell_C
img_010518,cell_A
img_011744,cell_B
img_006379,cell_F
img_009546,cell_B
img_001342,cell_A
img_009566,cell_A
img_000838,cell_A
img_006318,cell_D
img_011043,cell_B
img_003406,cell_G
img_011227,cell_A
img_004825,cell_A
img_012362,cell_C
img_004451,cell_C
img_014221,cell_B
img_007359,cell_F
img_004932,cell_C
img_004168,cell_C
img_014547,cell_G
img_013388,cell_D
img_008847,cell_F
img_006523,cell_C
img_009458,cell_F
img_004411,cell_F
img_004381,cell_G
img_003660,cell_B
img_007547,cell_B
img_015789,cell_A
img_015784,cell_B
img_014889,cell_A
img_008375,cell_C
img_010614,cell_F
img_004359,cell_G
img_008799,cell_C
img_007400,cell_C
img_000225,cell_B
img_003022,cell_G
img_014545,cell_A
img_016448,cell_C
img_012260,cell_A
img_014827,cell_A
img_008885,cell_G
img_008399,cell_H
img_003759,cell_F
img_004768,cell_B
img_006556,cell_A
img_005221,cell_C
img_005764,cell_D
img_011834,cell_A
img_003359,cell_F
img_007916,cell_C
img_004081,cell_A
img_005376,cell_F
img_007342,cell_B
img_004793,cell_B
img_012649,cell_H
img_011617,cell_E
img_012844,cell_A
img_003121,cell_A
img_013713,cell_F
img_008338,cell_C
img_015333,cell_C
img_007197,cell_G
img_006791,cell_B
img_002396,cell_C
img_006755,cell_A
img_000630,cell_G
img_006569,cell_D
img_009784,cell_F
img_007526,cell_H
img_012243,cell_C
img_013533,cell_E
img_014860,cell_G
img_014504,cell_B
img_007031,cell_A
img_000175,cell_F
img_001736,cell_B
img_016774,cell_H
img_013171,cell_F
img_003139,cell_A
img_000371,cell_C
img_005657,cell_F
img_014292,cell_F
img_003422,cell_F
img_016235,cell_D
img_015369,cell_F
img_004660,cell_A
img_016943,cell_C
img_004684,cell_A
img_015322,cell_C
img_002478,cell_E
img_004627,cell_C
img_006632,cell_C
img_013938,cell_A
img_005643,cell_A
img_001254,cell_B
img_014969,cell_D
img_008364,cell_C
img_007514,cell_A
img_014674,cell_C
img_005684,cell_B
img_011968,cell_B
img_007122,cell_H
img_002451,cell_C
img_001618,cell_F
img_014996,cell_C
img_009623,cell_A
img_011442,cell_A
img_010678,cell_A
img_014943,cell_C
img_015903,cell_F
img_002855,cell_C
img_008663,cell_G
img_012111,cell_F
img_004209,cell_C
img_002249,cell_A
img_000910,cell_A
img_010364,cell_E
img_015848,cell_F
img_015434,cell_A
img_014733,cell_F
img_014108,cell_C
img_010203,cell_B
img_013448,cell_A
img_006604,cell_A
img_012833,cell_B
img_007954,cell_F
img_013967,cell_C
img_016456,cell_B
img_017003,cell_F
img_004412,cell_A
img_015869,cell_F
img_001964,cell_G
img_014270,cell_C
img_016405,cell_A
img_016743,cell_F
img_014351,cell_B
img_004449,cell_C
img_004740,cell_B
img_000467,cell_A
img_015213,cell_E
img_005814,cell_F
img_007146,cell_B
img_011784,cell_H
img_010779,cell_B
img_004853,cell_F
img_005834,cell_D
img_016885,cell_E
img_013527,cell_H
img_001329,cell_C
img_004705,cell_B
img_014994,cell_F
img_014716,cell_B
img_016292,cell_B
img_005610,cell_F
img_010124,cell_C
img_011256,cell_F
img_000620,cell_C
img_001040,cell_F
img_011589,cell_F
img_015103,cell_D
img_000523,cell_G
img_012261,cell_A
img_004873,cell_B
img_016706,cell_A
img_009163,cell_A
img_002336,cell_B
img_002113,cell_B
img_010468,cell_G
img_001492,cell_F
img_002856,cell_B
img_006952,cell_D
img_005160,cell_C
img_012058,cell_E
img_009050,cell_B
img_010415,cell_C
img_013284,cell_F
img_010261,cell_G
img_011638,cell_A
img_000442,cell_C
img_006065,cell_C
img_003789,cell_F
img_011251,cell_H
img_002811,cell_G
img_011647,cell_F
img_002403,cell_D
img_012712,cell_D
img_001495,cell_D
img_007950,cell_A
img_007649,cell_B
img_000997,cell_B
img_007602,cell_B
img_014541,cell_E
img_016150,cell_B
img_006687,cell_D
img_004171,cell_E
img_012090,cell_A
img_003053,cell_A
img_006959,cell_F
img_010920,cell_G
img_015644,cell_B
img_012845,cell_H
img_016085,cell_F
img_002814,cell_C
img_017010,cell_B
img_014071,cell_G
img_013076,cell_A
img_016829,cell_D
img_012680,cell_B
img_001029,cell_F
img_004312,cell_A
img_003617,cell_B
img_004689,cell_H
img_013316,cell_C
img_001458,cell_C
img_008801,cell_G
img_003999,cell_B
img_010486,cell_F
img_001222,cell_G
img_000042,cell_D
img_007681,cell_B
img_009808,cell_H
img_003846,cell_G
img_006293,cell_C
img_000804,cell_B
img_012201,cell_F
img_002118,cell_B
img_014047,cell_F
img_003077,cell_B
img_004902,cell_B
img_011369,cell_D
img_011082,cell_D
img_012604,cell_H
img_016037,cell_C
img_012536,cell_A
img_001737,cell_D
img_003132,cell_C
img_015304,cell_C
img_014467,cell_A
img_016265,cell_F
img_009971,cell_F
img_005400,cell_A
img_001732,cell_A
img_009760,cell_B
img_001554,cell_F
img_003086,cell_C
img_006280,cell_A
img_010868,cell_F
img_007498,cell_E
img_014676,cell_C
img_007605,cell_B
img_006892,cell_C
img_012364,cell_F
img_006246,cell_G
img_002223,cell_A
img_004382,cell_F
img_000676,cell_F
img_005084,cell_A
img_012914,cell_A
img_000509,cell_F
img_004827,cell_E
img_006606,cell_C
img_001246,cell_B
img_002738,cell_F
img_011879,cell_H
img_003987,cell_D
img_010392,cell_F
img_001292,cell_G
img_010119,cell_F
img_014970,cell_H
img_005497,cell_E
img_006417,cell_G
img_012428,cell_G
img_012000,cell_H
img_016144,cell_B
img_005902,cell_C
img_013405,cell_H
img_015020,cell_E
img_010181,cell_F
img_008079,cell_F
img_000755,cell_C
img_011644,cell_D
img_000501,cell_C
img_012848,cell_E
img_011217,cell_C
img_005592,cell_C
img_003957,cell_A
img_010011,cell_H
img_014231,cell_B
img_013149,cell_F
img_002426,cell_B
img_003361,cell_F
img_003001,cell_D
img_017046,cell_C
img_007615,cell_D
img_016279,cell_F
img_003072,cell_A
img_005815,cell_C
img_008998,cell_D
img_002425,cell_F
img_014135,cell_A
img_005041,cell_B
img_009584,cell_A
img_005655,cell_C
img_003989,cell_B
img_006127,cell_B
img_013972,cell_C
img_011481,cell_F
img_014756,cell_H
img_001817,cell_C
img_002907,cell_C
img_011804,cell_E
img_005070,cell_G
img_007567,cell_B
img_016620,cell_C
img_015294,cell_G
img_015921,cell_C
img_007008,cell_B
img_008563,cell_A
img_013230,cell_B
img_012267,cell_C
img_001059,cell_G
img_013152,cell_A
img_010383,cell_B
img_011757,cell_F
img_008641,cell_F
img_007642,cell_B
img_008658,cell_F
img_010395,cell_D
img_000651,cell_G
img_002689,cell_A
img_011198,cell_C
img_011553,cell_H
img_007929,cell_C
img_010699,cell_B
img_012959,cell_A
img_013387,cell_B
img_013241,cell_F
img_006331,cell_A
img_011514,cell_C
img_003489,cell_B
img_010127,cell_G
img_015752,cell_C
img_001373,cell_D
img_002638,cell_D
img_009991,cell_H
img_008486,cell_C
img_008439,cell_C
img_001539,cell_D
img_007750,cell_B
img_001802,cell_G
img_003423,cell_E
img_012652,cell_A
img_008635,cell_B
img_000967,cell_C
img_011373,cell_A
img_005454,cell_G
img_012454,cell_B
img_013250,cell_A
img_012426,cell_B
img_016664,cell_B
img_003261,cell_B
img_005140,cell_C
img_016853,cell_D
img_011146,cell_D
img_015036,cell_F
img_014568,cell_F
img_014562,cell_F
img_015454,cell_B
img_016184,cell_C
img_005062,cell_B
img_004398,cell_F
img_007778,cell_F
img_001946,cell_C
img_016765,cell_F
img_008307,cell_F
img_012721,cell_G
img_003606,cell_F
img_002961,cell_A
img_003901,cell_F
img_014888,cell_C
img_013374,cell_B
img_009270,cell_B
img_015211,cell_C
img_011152,cell_B
img_002278,cell_B
img_011999,cell_C
img_013961,cell_B
img_010154,cell_F
img_013536,cell_C
img_007053,cell_D
img_012874,cell_G
img_003047,cell_F
img_015206,cell_A
img_010659,cell_D
img_006346,cell_H
img_014197,cell_D
img_000863,cell_D
img_010183,cell_B
img_007366,cell_F
img_007614,cell_C
img_002933,cell_F
img_006359,cell_A
img_008368,cell_C
img_012861,cell_E
img_010205,cell_B
img_013183,cell_C
img_007029,cell_G
img_001671,cell_B
img_010806,cell_B
img_008536,cell_A
img_011826,cell_D
img_015746,cell_B
img_004042,cell_F
img_002123,cell_E
img_009749,cell_C
img_012436,cell_B
img_011354,cell_B
img_009361,cell_F
img_003562,cell_F
img_015984,cell_G
img_012899,cell_D
img_010642,cell_H
img_014904,cell_B
img_009556,cell_D
img_004583,cell_A
img_004223,cell_H
img_015197,cell_E
img_007934,cell_C
img_013286,cell_A
img_013953,cell_A
img_009041,cell_H
img_015078,cell_H
img_010343,cell_E
img_016715,cell_B
img_007093,cell_F
img_006613,cell_A
img_016378,cell_F
img_004075,cell_B
img_014395,cell_F
img_016569,cell_G
img_005316,cell_G
img_015763,cell_F
img_012460,cell_B
img_005397,cell_H
img_004771,cell_B
img_013752,cell_B
img_001775,cell_D
img_006590,cell_D
img_001961,cell_H
img_000602,cell_F
img_015785,cell_B
img_004391,cell_C
img_004788,cell_F
img_002371,cell_F
img_013762,cell_B
img_008331,cell_F
img_016272,cell_F
img_007677,cell_F
img_009633,cell_B
img_011461,cell_F
img_001015,cell_E
img_016815,cell_F
img_016506,cell_A
img_009674,cell_F
img_000011,cell_B
img_003760,cell_G
img_005503,cell_B
img_002025,cell_F
img_014816,cell_E
img_003601,cell_F
img_011696,cell_B
img_006140,cell_H
img_001365,cell_E
img_009624,cell_H
img_000844,cell_F
img_002146,cell_G
img_014585,cell_F
img_005688,cell_B
img_008056,cell_B
img_009032,cell_D
img_005987,cell_G
img_000431,cell_E
img_008391,cell_C
img_012227,cell_B
img_002721,cell_E
img_014259,cell_C
img_011633,cell_B
img_006739,cell_C
img_014957,cell_C
img_003215,cell_C
img_008017,cell_C
img_003668,cell_D
img_002137,cell_B
img_004792,cell_C
img_015902,cell_B
img_001952,cell_B
img_016858,cell_A
img_011273,cell_E
img_014377,cell_C
img_014580,cell_G
img_014379,cell_D
img_011057,cell_H
img_006146,cell_D
img_016189,cell_C
img_006209,cell_F
img_012964,cell_B
img_012548,cell_F
img_010421,cell_D
img_009659,cell_G
img_000071,cell_C
img_002477,cell_B
img_001300,cell_F
img_002875,cell_D
img_009795,cell_C
img_015604,cell_C
img_007741,cell_A
img_012619,cell_B
img_012954,cell_B
img_007908,cell_G
img_004226,cell_F
img_001797,cell_G
img_006515,cell_E
img_001747,cell_F
img_008430,cell_A
img_004504,cell_G
img_012193,cell_H
img_013119,cell_B
img_005784,cell_F
img_004879,cell_G
img_003394,cell_F
img_005951,cell_F
img_004239,cell_B
img_012728,cell_F
img_012414,cell_B
img_016453,cell_E
img_011549,cell_H
img_008947,cell_B
img_017036,cell_D
img_006934,cell_C
img_004146,cell_B
img_001649,cell_F
img_013699,cell_D
img_006998,cell_C
img_002678,cell_A
img_012982,cell_F
img_013343,cell_C
img_001468,cell_D
img_003467,cell_A
img_002154,cell_E
img_007936,cell_B
img_012408,cell_G
img_013153,cell_D
img_008465,cell_C
img_012780,cell_F
img_014276,cell_H
img_000833,cell_B
img_001383,cell_C
img_015282,cell_F
img_000262,cell_A
img_014817,cell_A
img_013300,cell_C
img_006902,cell_C
img_017013,cell_B
img_007939,cell_A
img_015932,cell_G
img_016333,cell_B
img_002408,cell_B
img_008807,cell_B
img_013174,cell_B
img_010266,cell_C
img_009397,cell_B
img_002550,cell_B
img_015124,cell_B
img_004903,cell_C
img_011639,cell_B
img_000210,cell_E
img_008875,cell_C
img_009934,cell_B
img_013949,cell_E
img_005700,cell_C
img_006268,cell_G
img_015221,cell_D
img_004441,cell_A
img_001832,cell_H
img_009814,cell_A
img_002402,cell_B
img_003623,cell_C
img_008561,cell_G
img_010138,cell_F
img_008497,cell_A
img_002247,cell_F
img_003871,cell_C
img_012713,cell_B
img_001024,cell_B
img_011414,cell_C
img_006704,cell_A
img_000645,cell_A
img_000675,cell_D
img_010441,cell_B
img_000445,cell_D
img_002784,cell_H
img_005193,cell_G
img_012015,cell_A
img_012620,cell_A
img_000172,cell_E
img_003178,cell_F
img_010391,cell_B
img_013188,cell_E
img_014415,cell_C
img_005808,cell_A
img_005842,cell_F
img_010838,cell_A
img_003481,cell_F
img_015826,cell_A
img_015968,cell_E
img_000433,cell_C
img_008681,cell_B
img_012254,cell_H
img_007884,cell_D
img_002749,cell_C
img_000623,cell_C
img_012885,cell_H
img_010509,cell_C
img_006303,cell_B
img_003181,cell_D
img_013642,cell_E
img_016060,cell_D
img_001563,cell_G
img_003865,cell_G
img_003143,cell_F
img_012901,cell_D
img_010865,cell_A
img_016690,cell_H
img_009750,cell_A
img_014707,cell_B
img_010730,cell_B
img_006582,cell_D
img_010251,cell_F
img_015611,cell_H
img_009861,cell_F
img_010093,cell_B
img_008774,cell_H
img_004712,cell_C
img_015109,cell_D
img_001054,cell_E
img_003177,cell_A
img_016634,cell_E
img_008640,cell_A
img_000171,cell_B
img_016608,cell_B
img_008403,cell_B
img_000415,cell_E
img_007619,cell_C
img_004173,cell_A
img_004400,cell_C
img_011816,cell_F
img_000224,cell_A
img_009176,cell_F
img_011764,cell_A
img_002245,cell_B
img_000855,cell_F
img_000756,cell_H
img_004899,cell_A
img_002936,cell_A
img_002857,cell_A
img_007211,cell_C
img_009568,cell_D
img_004729,cell_F
img_008272,cell_D
img_008946,cell_G
img_000122,cell_G
img_013336,cell_A
img_000648,cell_B
img_014962,cell_C
img_012555,cell_F
img_000427,cell_F
img_009133,cell_F
img_002597,cell_B
img_001327,cell_H
img_012553,cell_F
img_004765,cell_F
img_010403,cell_A
img_012571,cell_G
img_000688,cell_C
img_017068,cell_C
img_004918,cell_C
img_010911,cell_A
img_016945,cell_A
img_006019,cell_G
img_008805,cell_B
img_014326,cell_D
img_008750,cell_D
img_015764,cell_F
img_005982,cell_C
img_004358,cell_C
img_014492,cell_F
img_014435,cell_B
img_003066,cell_C
img_013121,cell_C
img_011240,cell_C
img_003828,cell_F
img_007656,cell_H
img_009840,cell_B
img_006399,cell_B
img_013976,cell_H
img_008289,cell_B
img_010440,cell_F
img_010365,cell_B
img_003549,cell_C
img_006428,cell_G
img_008524,cell_F
img_001083,cell_B
img_008149,cell_A
img_014403,cell_H
img_008927,cell_F
img_008716,cell_B
img_010156,cell_A
img_010615,cell_G
img_001501,cell_A
img_006901,cell_A
img_004287,cell_H
img_003193,cell_A
img_014835,cell_F
img_002868,cell_D
img_007880,cell_C
img_010453,cell_F
img_015438,cell_A
img_004806,cell_C
img_012815,cell_H
img_010586,cell_G
img_010111,cell_A
img_003588,cell_H
img_006663,cell_C
img_007809,cell_C
img_002509,cell_A
img_005218,cell_C
img_003726,cell_B
img_011253,cell_A
img_012206,cell_B
img_008332,cell_D
img_007289,cell_F
img_010550,cell_C
img_001478,cell_B
img_008068,cell_F
img_006042,cell_B
img_016523,cell_B
img_001753,cell_G
img_004090,cell_H
img_005043,cell_C
img_000495,cell_B
img_011328,cell_B
img_015742,cell_F
img_013741,cell_G
img_008474,cell_A
img_004213,cell_C
img_016549,cell_D
img_005153,cell_E
img_001452,cell_G
img_012801,cell_E
img_015136,cell_B
img_015538,cell_C
img_001787,cell_E
img_006298,cell_G
img_001286,cell_G
img_002415,cell_C
img_013711,cell_C
img_006965,cell_B
img_000418,cell_D
img_010224,cell_A
img_006768,cell_A
img_012682,cell_F
img_004423,cell_C
img_010821,cell_C
img_004826,cell_D
img_003433,cell_G
img_001368,cell_C
img_015650,cell_D
img_017060,cell_C
img_009203,cell_F
img_007695,cell_B
img_005651,cell_F
img_001316,cell_F
img_015422,cell_F
img_015554,cell_E
img_012376,cell_B
img_004121,cell_F
img_008634,cell_A
img_009910,cell_C
img_003648,cell_H
img_014528,cell_H
img_006165,cell_C
img_015448,cell_C
img_013558,cell_F
img_007971,cell_F
img_000137,cell_B
img_001679,cell_A
img_002884,cell_E
img_016662,cell_F
img_016739,cell_A
img_006550,cell_G
img_004281,cell_C
img_006354,cell_C
img_009468,cell_F
img_000218,cell_B
img_004856,cell_F
img_003930,cell_B
img_000275,cell_F
img_016398,cell_D
img_011406,cell_B
img_013308,cell_E
img_010549,cell_A
img_006092,cell_F
img_013922,cell_F
img_011265,cell_B
img_016210,cell_F
img_000500,cell_B
img_013127,cell_F
img_015034,cell_F
img_003225,cell_F
img_011170,cell_F
img_009269,cell_F
img_005407,cell_F
img_005300,cell_B
img_006029,cell_C
img_009190,cell_B
img_004135,cell_D
img_002281,cell_D
img_014074,cell_F
img_012023,cell_B
img_008554,cell_F
img_008997,cell_A
img_015783,cell_F
img_002494,cell_H
img_005188,cell_F
img_009058,cell_F
img_001722,cell_A
img_006345,cell_F
img_017090,cell_B
img_009429,cell_E
img_007771,cell_A
img_013915,cell_B
img_006423,cell_F
img_011199,cell_B
img_013939,cell_B
img_014021,cell_A
img_002824,cell_A
img_002549,cell_C
img_001432,cell_C
img_013889,cell_D
img_001386,cell_G
img_008348,cell_B
img_006181,cell_A
img_005857,cell_A
img_005265,cell_D
img_011021,cell_A
img_015241,cell_G
img_005195,cell_A
img_006885,cell_B
img_004211,cell_F
img_014040,cell_F
img_010149,cell_C
img_015894,cell_D
img_014767,cell_B
img_012141,cell_A
img_013321,cell_A
img_000441,cell_E
img_003002,cell_H
img_000901,cell_C
img_008426,cell_F
img_002945,cell_G
img_006068,cell_B
img_006495,cell_E
img_002272,cell_B
img_006392,cell_C
img_011486,cell_D
img_003131,cell_A
img_014010,cell_F
img_006947,cell_F
img_007206,cell_C
img_005250,cell_B
img_006129,cell_D
img_002112,cell_H
img_010997,cell_C
img_005750,cell_G
img_000128,cell_C
img_012397,cell_B
img_007641,cell_C
img_009730,cell_B
img_000960,cell_B
img_003970,cell_B
img_015700,cell_A
img_010423,cell_D
img_009253,cell_B
img_012174,cell_D
img_013704,cell_C
img_012699,cell_C
img_002507,cell_F
img_014881,cell_B
img_016444,cell_C
img_009011,cell_B
img_015768,cell_F
img_010280,cell_C
img_016255,cell_G
img_009377,cell_A
img_014582,cell_A
img_016246,cell_C
img_006599,cell_B
img_014624,cell_E
img_012389,cell_F
img_011377,cell_B
img_016036,cell_C
img_002808,cell_A
img_013093,cell_F
img_005570,cell_C
img_001271,cell_B
img_002747,cell_A
img_010034,cell_B
img_011390,cell_A
img_008427,cell_H
img_012433,cell_E
img_011084,cell_A
img_013965,cell_C
img_011735,cell_A
img_010211,cell_B
img_001407,cell_E
img_006269,cell_D
img_005501,cell_F
img_001706,cell_C
img_016836,cell_D
img_000444,cell_G
img_006782,cell_B
img_005505,cell_G
img_007411,cell_H
img_001639,cell_C
img_008154,cell_B
img_008299,cell_F
img_010583,cell_C
img_015032,cell_G
img_013489,cell_D
img_004043,cell_F
img_013542,cell_F
img_005954,cell_B
img_002756,cell_F
img_010559,cell_C
img_000915,cell_D
img_010286,cell_E
img_004045,cell_F
img_006053,cell_E
img_011700,cell_F
img_006205,cell_G
img_012602,cell_C
img_006233,cell_C
img_013131,cell_D
img_005297,cell_D
img_010305,cell_G
img_002157,cell_B
img_009811,cell_F
img_013777,cell_F
img_000169,cell_D
img_001475,cell_G
img_003474,cell_C
img_004306,cell_E
img_008466,cell_B
img_001882,cell_B
img_001811,cell_C
img_001302,cell_F
img_015224,cell_B
img_004462,cell_F
img_014001,cell_F
img_007592,cell_C
img_001293,cell_H
img_001744,cell_A
img_013227,cell_A
img_007575,cell_B
img_013917,cell_F
img_008297,cell_H
img_015112,cell_H
img_005906,cell_D
img_010862,cell_F
img_004780,cell_B
img_002270,cell_G
img_001064,cell_B
img_007845,cell_C
img_009261,cell_A
img_009742,cell_A
img_015485,cell_G
img_011952,cell_B
img_016346,cell_G
img_005095,cell_C
img_014938,cell_H
img_016674,cell_B
img_005579,cell_D
img_000515,cell_C
img_001574,cell_C
img_005200,cell_H
img_005355,cell_F
img_011142,cell_B
img_004786,cell_G
img_005964,cell_C
img_003735,cell_C
img_004221,cell_A
img_010096,cell_C
img_008972,cell_F
img_016241,cell_G
img_012740,cell_C
img_016457,cell_D
img_013218,cell_C
img_004568,cell_A
img_008800,cell_E
img_012866,cell_F
img_001242,cell_C
img_008844,cell_A
img_009042,cell_F
img_007627,cell_F
img_003144,cell_F
img_012489,cell_C
img_015552,cell_G
img_010833,cell_F
img_007696,cell_C
img_015877,cell_D
img_006059,cell_C
