id,label
doc_001539,spec_02
doc_000659,spec_04
doc_001984,spec_12
doc_001853,spec_03
doc_001730,spec_10
doc_001126,spec_10
doc_000831,spec_06
doc_001504,spec_01
doc_000838,spec_07
doc_000394,spec_05
doc_000638,spec_06
doc_002161,spec_04
doc_000611,spec_12
doc_001184,spec_10
doc_002083,spec_03
doc_000588,spec_02
doc_000568,spec_03
doc_002221,spec_05
doc_001209,spec_04
doc_002251,spec_04
doc_001870,spec_07
doc_001983,spec_04
doc_000680,spec_01
doc_002093,spec_08
doc_000609,spec_03
doc_001561,spec_08
doc_000345,spec_02
doc_001738,spec_12
doc_001953,spec_01
doc_001833,spec_02
doc_001634,spec_04
doc_002002,spec_02
doc_000358,spec_03
doc_000533,spec_03
doc_001736,spec_01
doc_000829,spec_02
doc_000977,spec_08
doc_002154,spec_01
doc_001120,spec_08
doc_001849,spec_04
doc_000821,spec_08
doc_000899,spec_04
doc_001667,spec_10
doc_000089,spec_08
doc_001980,spec_01
doc_001969,spec_04
doc_000780,spec_11
doc_000879,spec_04
doc_001261,spec_04
doc_000882,spec_03
doc_001928,spec_01
doc_000498,spec_10
doc_000243,spec_04
doc_001257,spec_08
doc_002367,spec_08
doc_001578,spec_01
doc_001138,spec_02
doc_001193,spec_04
doc_001448,spec_01
doc_000009,spec_02
doc_000077,spec_01
doc_000263,spec_08
doc_001706,spec_04
doc_000034,spec_01
doc_001783,spec_04
doc_000276,spec_09
doc_000393,spec_03
doc_000347,spec_08
doc_001447,spec_02
doc_000950,spec_01
doc_001253,spec_03
doc_002165,spec_06
doc_000351,spec_09
doc_001357,spec_03
doc_000589,spec_12
doc_000709,spec_10
doc_000222,spec_10
doc_002249,spec_07
doc_000517,spec_01
doc_001107,spec_02
doc_001880,spec_10
doc_000283,spec_11
doc_002266,spec_07
doc_001082,spec_02
doc_002017,spec_01
doc_002284,spec_01
doc_001921,spec_08
doc_001002,spec_06
doc_000657,spec_01
doc_002431,spec_02
doc_001597,spec_02
doc_001398,spec_04
doc_002228,spec_02
doc_002203,spec_07
doc_000561,spec_04
doc_001322,spec_01
doc_000097,spec_10
doc_000125,spec_07
doc_000022,spec_04
doc_002361,spec_04
doc_001058,spec_08
doc_000234,spec_03
doc_001460,spec_10
doc_001419,spec_01
doc_001073,spec_04
doc_001454,spec_03
doc_000160,spec_01
doc_002429,spec_04
doc_000310,spec_01
doc_001326,spec_04
doc_001372,spec_01
doc_002404,spec_04
doc_002357,spec_02
doc_000720,spec_06
doc_000801,spec_04
doc_000519,spec_05
doc_001908,spec_04
doc_000020,spec_09
doc_001600,spec_07
doc_002224,spec_02
doc_000272,spec_03
doc_000974,spec_04
doc_001318,spec_07
doc_000725,spec_11
doc_002390,spec_07
doc_001768,spec_02
doc_000886,spec_07
doc_001802,spec_02
doc_001719,spec_08
doc_001576,spec_04
doc_001669,spec_02
doc_001593,spec_02
doc_001110,spec_08
doc_002272,spec_03
doc_001585,spec_08
doc_002063,spec_01
doc_002180,spec_07
doc_001033,spec_02
doc_001780,spec_04
doc_002194,spec_01
doc_001382,spec_04
doc_001443,spec_03
doc_002230,spec_11
doc_001920,spec_12
doc_000013,spec_11
doc_002198,spec_07
doc_002139,spec_02
doc_001565,spec_06
doc_000973,spec_04
doc_000571,spec_03
doc_001848,spec_01
doc_000514,spec_03
doc_000459,spec_04
doc_000042,spec_03
doc_002012,spec_01
doc_000864,spec_10
doc_000309,spec_02
doc_000200,spec_01
doc_001275,spec_04
doc_001394,spec_08
doc_000127,spec_02
doc_000128,spec_03
doc_002340,spec_01
doc_000890,spec_03
doc_002423,spec_02
doc_001957,spec_12
doc_001491,spec_02
doc_001371,spec_04
doc_001704,spec_03
doc_001328,spec_08
doc_000565,spec_02
doc_001108,spec_10
doc_000575,spec_06
doc_001879,spec_02
doc_001881,spec_12
doc_000224,spec_09
doc_001237,spec_01
doc_002381,spec_03
doc_001595,spec_02
doc_000101,spec_04
doc_001047,spec_04
doc_000481,spec_03
doc_002018,spec_03
doc_002337,spec_07
doc_000134,spec_01
doc_000051,spec_09
doc_001867,spec_04
doc_002299,spec_03
doc_001792,spec_10
doc_001656,spec_09
doc_002127,spec_09
doc_000936,spec_01
doc_000241,spec_04
doc_000132,spec_01
doc_002387,spec_03
doc_000672,spec_03
doc_002176,spec_02
doc_001994,spec_03
doc_002048,spec_05
doc_001213,spec_11
doc_002145,spec_02
doc_001914,spec_02
doc_000759,spec_02
doc_001249,spec_02
doc_000464,spec_11
doc_002003,spec_03
doc_001662,spec_08
doc_001130,spec_01
doc_001226,spec_08
doc_000107,spec_07
doc_001165,spec_03
doc_000968,spec_03
doc_001063,spec_07
doc_002092,spec_04
doc_001383,spec_04
doc_001409,spec_04
doc_001471,spec_10
doc_000764,spec_02
doc_000749,spec_07
doc_000810,spec_01
doc_001507,spec_02
doc_001476,spec_02
doc_000367,spec_01
doc_002309,spec_03
doc_002219,spec_01
doc_000007,spec_02
doc_002046,spec_03
doc_002269,spec_11
doc_000872,spec_07
doc_002005,spec_01
doc_002155,spec_02
doc_000501,spec_08
doc_000832,spec_01
doc_002015,spec_07
doc_002023,spec_04
doc_001809,spec_07
doc_000591,spec_07
doc_000414,spec_02
doc_001338,spec_09
doc_002291,spec_02
doc_001952,spec_08
doc_000278,spec_07
doc_002137,spec_06
doc_002217,spec_02
doc_000836,spec_08
doc_000288,spec_10
doc_001149,spec_01
doc_000092,spec_08
doc_001137,spec_04
doc_002280,spec_04
doc_002013,spec_01
doc_000359,spec_03
doc_000264,spec_09
doc_002034,spec_01
doc_001799,spec_08
doc_002398,spec_01
doc_001288,spec_04
doc_001172,spec_02
doc_001492,spec_10
doc_002069,spec_04
doc_001592,spec_04
doc_002125,spec_04
doc_001367,spec_04
doc_001604,spec_02
doc_001530,spec_02
doc_000712,spec_08
doc_001314,spec_01
doc_000639,spec_01
doc_000781,spec_02
doc_002043,spec_03
doc_001439,spec_08
doc_000851,spec_01
doc_002341,spec_02
doc_001665,spec_01
doc_000402,spec_03
doc_000421,spec_12
doc_000794,spec_11
doc_001423,spec_04
doc_002220,spec_08
doc_000301,spec_08
doc_001778,spec_07
doc_001526,spec_01
doc_000883,spec_08
doc_000770,spec_07
doc_000171,spec_08
doc_002257,spec_05
doc_001121,spec_06
doc_001220,spec_10
doc_001925,spec_04
doc_000188,spec_01
doc_001274,spec_08
doc_002014,spec_01
doc_001588,spec_08
doc_000169,spec_03
doc_001136,spec_02
doc_002258,spec_02
doc_001956,spec_04
doc_001923,spec_02
doc_000280,spec_01
doc_001579,spec_01
doc_000297,spec_06
doc_000951,spec_04
doc_001488,spec_02
doc_001375,spec_02
doc_001202,spec_05
doc_000652,spec_06
doc_000181,spec_07
doc_000373,spec_06
doc_000719,spec_07
doc_002377,spec_01
doc_002389,spec_04
doc_000403,spec_04
doc_000956,spec_03
doc_001456,spec_01
doc_000416,spec_03
doc_001807,spec_07
doc_000998,spec_03
doc_000548,spec_04
doc_000296,spec_01
doc_000349,spec_10
doc_000598,spec_07
doc_001529,spec_12
doc_000488,spec_05
doc_002368,spec_07
doc_001092,spec_03
doc_000789,spec_08
doc_001277,spec_07
doc_002411,spec_02
doc_000807,spec_08
doc_000574,spec_10
doc_000867,spec_02
doc_002265,spec_04
doc_001786,spec_03
doc_000896,spec_10
doc_001999,spec_02
doc_000971,spec_02
doc_001697,spec_01
doc_002388,spec_01
doc_000569,spec_01
doc_001770,spec_10
doc_001332,spec_08
doc_001067,spec_03
doc_000545,spec_01
doc_001675,spec_01
doc_001749,spec_03
doc_000159,spec_12
doc_000179,spec_04
doc_000753,spec_04
doc_000705,spec_07
doc_001079,spec_04
doc_001148,spec_08
doc_001866,spec_02
doc_000204,spec_05
doc_002199,spec_04
doc_001201,spec_02
doc_000592,spec_01
doc_002084,spec_04
doc_001746,spec_07
doc_000085,spec_03
doc_000075,spec_06
doc_001144,spec_02
doc_002344,spec_08
doc_002082,spec_07
doc_000614,spec_04
doc_001834,spec_08
doc_001610,spec_10
doc_001620,spec_10
doc_000081,spec_04
doc_000949,spec_07
doc_001199,spec_02
doc_001678,spec_06
doc_001362,spec_09
doc_000673,spec_11
doc_002061,spec_02
doc_001739,spec_01
doc_000419,spec_08
doc_000824,spec_01
doc_000478,spec_08
doc_001743,spec_03
doc_000381,spec_01
doc_000809,spec_08
doc_001521,spec_08
doc_001958,spec_10
doc_002433,spec_04
doc_000856,spec_12
doc_002179,spec_01
doc_000590,spec_02
doc_000552,spec_03
doc_002162,spec_10
doc_000685,spec_03
doc_001307,spec_02
doc_000311,spec_01
doc_000003,spec_01
doc_000118,spec_02
doc_001944,spec_06
doc_000704,spec_01
doc_002104,spec_07
doc_000307,spec_04
doc_001485,spec_07
doc_001902,spec_01
doc_000237,spec_03
doc_001370,spec_06
doc_001300,spec_03
doc_000553,spec_03
doc_000000,spec_02
doc_002153,spec_02
doc_001074,spec_06
doc_000366,spec_04
doc_002372,spec_10
doc_000293,spec_01
doc_002241,spec_04
doc_001987,spec_11
doc_000876,spec_02
doc_001230,spec_03
doc_001782,spec_03
doc_000555,spec_04
doc_000721,spec_01
doc_000045,spec_08
doc_001329,spec_02
doc_001558,spec_04
doc_001951,spec_04
doc_000239,spec_02
doc_000995,spec_04
doc_002204,spec_08
doc_001553,spec_10
doc_001373,spec_04
doc_001003,spec_04
doc_000570,spec_08
doc_001444,spec_02
doc_000177,spec_03
doc_002120,spec_01
doc_000137,spec_11
doc_001676,spec_03
doc_001672,spec_02
doc_001822,spec_07
doc_001960,spec_04
doc_002177,spec_02
doc_000839,spec_04
doc_000550,spec_03
doc_001169,spec_10
doc_001692,spec_07
doc_000633,spec_12
doc_001916,spec_04
doc_002342,spec_10
doc_002304,spec_04
doc_002399,spec_01
doc_001315,spec_01
doc_002355,spec_04
doc_000496,spec_03
doc_001890,spec_03
doc_001771,spec_04
doc_001014,spec_12
doc_000679,spec_01
doc_000458,spec_08
doc_000640,spec_07
doc_002172,spec_10
doc_002200,spec_04
doc_001348,spec_04
doc_002038,spec_10
doc_000328,spec_03
doc_000737,spec_01
doc_002006,spec_06
doc_002175,spec_04
doc_000718,spec_10
doc_000629,spec_03
doc_002311,spec_10
doc_001602,spec_12
doc_000119,spec_04
doc_000860,spec_03
doc_002111,spec_10
doc_000944,spec_05
doc_001040,spec_06
doc_000054,spec_08
doc_000518,spec_08
doc_000383,spec_01
doc_001468,spec_03
doc_002349,spec_04
doc_000111,spec_03
doc_000427,spec_02
doc_001990,spec_04
doc_000651,spec_01
doc_001635,spec_08
doc_001311,spec_02
doc_001536,spec_02
doc_000005,spec_04
doc_001729,spec_02
doc_001188,spec_04
doc_002352,spec_10
